"b'RT @tennislifenews: When you get the opportunity to cross something off the bucket list, the honeymoon has to be postponed. The less fun pa\xe2\x80\xa6'"
"b'When you get the opportunity to cross something off the bucket list, the honeymoon has to be postponed. The less fu\xe2\x80\xa6 https://t.co/G8jCnJHYIW'"
b'RT @TCUWomensTennis: Welcome to the #FrogFam Ellie &amp; Addy!\n\n\xf0\x9f\x93\xb0: https://t.co/HBKWGn8wEZ\n#GoFrogs https://t.co/xNNBSRaWeb'
"b""RT @tennislifenews: If you're going to make a tennis movie, who better to play their own stunt doubles than ... the actual players themselv\xe2\x80\xa6"""
"b""If you're going to make a tennis movie, who better to play their own stunt doubles than ... the actual players them\xe2\x80\xa6 https://t.co/H72Txypo7x"""
b'RT @TheNewDailyAu: Former Tennis Australia pair face sanctions over TV deal: https://t.co/c0MLgiPT9A https://t.co/3QlYrmrYK7'
b'RT @NSUDemonsWTN: Skyba becomes first ranked singles player since 2010 https://t.co/YXN50OeVlK'
b'RT @GoBearcatsWTEN: Welcome to the #Bearcats Kelli!\n\n\xf0\x9f\x93\x9d: https://t.co/ih9zgWi7Ti https://t.co/MufqPiSrO7'
b'RT @TCUWomensTennis: Welcome to the #FrogFam Ellie &amp; Addy!\n\n\xf0\x9f\x93\xb0: https://t.co/HBKWGn8wEZ\n#GoFrogs https://t.co/xNNBSRaWeb'
b'RT @TennisAustralia: \xf0\x9f\x8e\xbe Congratulations to all of our 2018 Australian National Wheelchair Tennis Championships winners and competitors on a\xe2\x80\xa6'
b'\xf0\x9f\x8e\xbe Congratulations to all of our 2018 Australian National Wheelchair Tennis Championships winners and competitors on\xe2\x80\xa6 https://t.co/UKJ1WuntoO'
b'RT @NSUDemonsWTN: Skyba becomes first ranked singles player since 2010 https://t.co/YXN50OeVlK'
b'RT @TCUWomensTennis: Welcome to the #FrogFam Ellie &amp; Addy!\n\n\xf0\x9f\x93\xb0: https://t.co/HBKWGn8wEZ\n#GoFrogs https://t.co/xNNBSRaWeb'
b'RT @floydhe: Sascha #Zverev is the next great #tennis superstar https://t.co/wE5e9qCgmJ'
b'Sascha #Zverev is the next great #tennis superstar https://t.co/wE5e9qCgmJ'
b'RT @TCUWomensTennis: Welcome to the #FrogFam Ellie &amp; Addy!\n\n\xf0\x9f\x93\xb0: https://t.co/HBKWGn8wEZ\n#GoFrogs https://t.co/xNNBSRaWeb'
b'Tribute: John T.L. Jones Jr. (1934-2018) https://t.co/8WCjuJqmIO'
b'RT @OSHStennis: Congrats to Cady for choosing further her academic and athletic careers at Washburn University!! #GoBods\nhttps://t.co/702g7\xe2\x80\xa6'
b'Zverev: Against Roger Federer I have done everything by the\xc2\xa0rules https://t.co/hY9ImWbZvv https://t.co/BiJnTIFFhP'
b'RT @troywjohnston: Asic takes action against two former Tennis Australia directors\n\nCorporate regulator says Harold Mitchell and Stephen He\xe2\x80\xa6'
b'Comparing Zverev With The Big 4 At The Same Age (Rafa Rules!) https://t.co/WBE6DofRPV'
"b""RT @CalPolyWTennis: We'd like to welcome Delanie Dunkle and Melissa LaMette to the Cal Poly women's tennis family! #RideHigh\n\nhttps://t.co/\xe2\x80\xa6"""
b'Novak Djokovic: I Hope Zverev Passes Me Someday https://t.co/ABoyckneeS'
b'No. 25 is just the start!!\n\n#NAUStrong\xe2\x9a\x92\xef\xb8\x8f\xf0\x9f\x8c\xb2\xf0\x9f\x92\xaa  #LumberjackCountry\n\nhttps://t.co/a7vWZY1SdT'
b'RT @troywjohnston: Asic takes action against two former Tennis Australia directors\n\nCorporate regulator says Harold Mitchell and Stephen He\xe2\x80\xa6'
b'Tiger Tennis Players in Initial Regional Rankings https://t.co/WZtk3v3Fqt'
"b""Alexander Zverev: Winning The ATP Finals, Beating Federer Then Djokovic, It's Astonishing! https://t.co/Ig734X0sCD"""
b'RT @ACUsports: TRIBUTE | John T.L. Jones Jr. (1934-2018) https://t.co/5BMA2QgN1f'
b'Tennis coach in Delaware sentenced to three years for sex crimes - The News Journal https://t.co/R73QdCisiE'
b'TRIBUTE | John T.L. Jones Jr. (1934-2018) https://t.co/5BMA2QgN1f'
b'RT @BellshawGeorge: Alexander Zverev is the future of men\xe2\x80\x99s tennis \xe2\x80\x93 but don\xe2\x80\x99t expect miracles in 2019 https://t.co/JyV2T6GIHc'
b'RT @troywjohnston: Asic takes action against two former Tennis Australia directors\n\nCorporate regulator says Harold Mitchell and Stephen He\xe2\x80\xa6'
"b""Novak Djokovic: It Was A Phenomenal Season, I'm Very Proud Of It https://t.co/c8STHmksNy"""
"b""RT @WMUWomensTennis: Get to know Gabriela Slavova, a junior from Bulgaria, in our third edition of 'Beyond the Court'\n\nhttps://t.co/onbtawd\xe2\x80\xa6"""
b'RT @troywjohnston: Asic takes action against two former Tennis Australia directors\n\nCorporate regulator says Harold Mitchell and Stephen He\xe2\x80\xa6'
b'Welcome to the #FrogFam Ellie &amp; Addy!\n\n\xf0\x9f\x93\xb0: https://t.co/HBKWGn8wEZ\n#GoFrogs https://t.co/xNNBSRaWeb'
"b""RT @TennisConnected: Has the Future of Men\xe2\x80\x99s Tennis Arrived? We look at Alexander Zverev's master-class of Novak Djokovic on Sunday in Lond\xe2\x80\xa6"""
b'Tennis Match Results - 11/19/2018 USA: Houston - Challenger Women-Singles\n\nShuai Peng 2 - 1 Lauren Davis\n\npowered by TennisStats247'
b'Novak Djokovic: I Hope Zverev Passes Me Someday https://t.co/Z2wdw4reXa'
b'RT @GoBearcatsWTEN: Welcome to the #Bearcats Kelli!\n\n\xf0\x9f\x93\x9d: https://t.co/ih9zgWi7Ti https://t.co/MufqPiSrO7'
b'RT @GoBearcatsWTEN: Welcome to the #Bearcats Kelli!\n\n\xf0\x9f\x93\x9d: https://t.co/ih9zgWi7Ti https://t.co/MufqPiSrO7'
b'Novak Djokovic: I Hope Zverev Passes Me Someday https://t.co/2pdp6YwXEr'
b'RT @BellshawGeorge: Alexander Zverev is the future of men\xe2\x80\x99s tennis \xe2\x80\x93 but don\xe2\x80\x99t expect miracles in 2019 https://t.co/JyV2T6GIHc'
b'Congrats to Cady for choosing further her academic and athletic careers at Washburn University!! #GoBods\nhttps://t.co/702g7DlWXr'
b'RT @BellshawGeorge: Alexander Zverev is the future of men\xe2\x80\x99s tennis \xe2\x80\x93 but don\xe2\x80\x99t expect miracles in 2019 https://t.co/JyV2T6GIHc'
b'RT @ComicBook: Sound the alarm! #RickAndMorty has announced an official sneaker line!\nhttps://t.co/BM9YWnPaGM https://t.co/GV4eAC8uFN'
b'NEWS | We would like to officially welcome Rikona Murakami to our family!\n\n\xf0\x9f\x94\xb5\xf0\x9f\x8e\xbe\xe2\x9c\x8d\xef\xb8\x8f\xf0\x9f\x94\xb4\n\n\xf0\x9f\x94\x97 https://t.co/IbsHNBIIvH https://t.co/NNoHcHtybA'
b'Jelena Djokovic praises husband Novak: What a great story to tell and\xc2\xa0live https://t.co/AL5R13zF7L https://t.co/trzXqOOWJz'
"b""We've got 60 days until the spring schedule kicks off (but who's counting) \nSo here's a recap of the squad's fall s\xe2\x80\xa6 https://t.co/7H3P7q0qA9"""
b'RT @troywjohnston: Asic takes action against two former Tennis Australia directors\n\nCorporate regulator says Harold Mitchell and Stephen He\xe2\x80\xa6'
"b""RT @ComicBookNOW: \xe2\x80\x98RICK AND MORTY' Reveals Official SNEAKER Line\nhttps://t.co/Gzp1E2FLo7 https://t.co/X08KH3dSMZ"""
b'RT @ComicBook: Sound the alarm! #RickAndMorty has announced an official sneaker line!\nhttps://t.co/BM9YWnPaGM https://t.co/GV4eAC8uFN'
b'RT @ComicBook: Sound the alarm! #RickAndMorty has announced an official sneaker line!\nhttps://t.co/BM9YWnPaGM https://t.co/GV4eAC8uFN'
b'RT @ComicBook: Sound the alarm! #RickAndMorty has announced an official sneaker line!\nhttps://t.co/BM9YWnPaGM https://t.co/GV4eAC8uFN'
b'Sound the alarm! #RickAndMorty has announced an official sneaker line!\nhttps://t.co/BM9YWnPaGM https://t.co/GV4eAC8uFN'
"b""RT @ComicBookNOW: \xe2\x80\x98RICK AND MORTY' Reveals Official SNEAKER Line\nhttps://t.co/Gzp1E2FLo7 https://t.co/X08KH3dSMZ"""
"b""RT @ComicBookNOW: \xe2\x80\x98RICK AND MORTY' Reveals Official SNEAKER Line\nhttps://t.co/Gzp1E2FLo7 https://t.co/X08KH3dSMZ"""
b'RT @troywjohnston: Asic takes action against two former Tennis Australia directors\n\nCorporate regulator says Harold Mitchell and Stephen He\xe2\x80\xa6'
"b""RT @ComicBookNOW: \xe2\x80\x98RICK AND MORTY' Reveals Official SNEAKER Line\nhttps://t.co/Gzp1E2FLo7 https://t.co/X08KH3dSMZ"""
"b""Get to know Gabriela Slavova, a junior from Bulgaria, in our third edition of 'Beyond the Court'\n\nhttps://t.co/onbtawd2WX"""
b'Aggie sports and players reflect on an impressive Fall season for @UCDavisMTennis #AggieSports https://t.co/o12ItoimYr'
"b""RT @ComicBookNOW: \xe2\x80\x98RICK AND MORTY' Reveals Official SNEAKER Line\nhttps://t.co/Gzp1E2FLo7 https://t.co/X08KH3dSMZ"""
"b""RT @ComicBookNOW: \xe2\x80\x98RICK AND MORTY' Reveals Official SNEAKER Line\nhttps://t.co/Gzp1E2FLo7 https://t.co/X08KH3dSMZ"""
"b""\xe2\x80\x98RICK AND MORTY' Reveals Official SNEAKER Line\nhttps://t.co/Gzp1E2FLo7 https://t.co/X08KH3dSMZ"""
"b'Osuigwe, 16, clinches Australian Open wild card from USTA https://t.co/nWpht97Dn6'"
"b""Today's (November 19, 2018) first writing job is on table tennis for a US client."""
b'RT @abcgrandstand: Former Tennis Australia bosses Harold Mitchell and Stephen Healy are being investigated over TV rights deal. #Australian\xe2\x80\xa6'
b'RT @troywjohnston: Asic takes action against two former Tennis Australia directors\n\nCorporate regulator says Harold Mitchell and Stephen He\xe2\x80\xa6'
b'Skyba becomes first ranked singles player since 2010 https://t.co/YXN50OeVlK'
b'Novak Djokovic: I knew it was going to be a special\xc2\xa0season https://t.co/pBszxEUCPE https://t.co/Nu8gbmnCqJ'
b'ASIC takes legal action against former Tennis Australia bosses Harold Mitchell and Stephen Healy - ABC News https://t.co/tChzJjB7Rb'
b'ASIC takes action against two former Tennis Australia directors https://t.co/3WrbtSAW66'
b'Superb!\nhttps://t.co/pICIythGnN https://t.co/pICIythGnN'
"b""Women's cross country, golf and tennis volunteer at Girls on the Run 5K https://t.co/2ip7vjJDE9"""
b'Nations League \xe2\x80\x93 och tennis\xe2\x80\xa6\n\nSpeltips: https://t.co/jZLgm3lRbA\n#speltips #oddsprat #oddstips #betting #vinnare'
b'RT @troywjohnston: Asic takes action against two former Tennis Australia directors\n\nCorporate regulator says Harold Mitchell and Stephen He\xe2\x80\xa6'
b'RT @troywjohnston: Asic takes action against two former Tennis Australia directors\n\nCorporate regulator says Harold Mitchell and Stephen He\xe2\x80\xa6'
b'RT @wusports: NEWS: @IchabodTennis announces signing class. #GoBods https://t.co/NFOYw2gmNM'
"b'#TENNIS ""100 Notable Books of 2018"" by Unknown Author via NYT https://t.co/P7X2pIjhU0'"
b'RT @FurmanPaladins: .@FurmanMTennis Signs Chad Nash https://t.co/dgOBp1FqVk https://t.co/a0lxRNB9Us'
"b'RT @Lbabinz: EBGames Black Friday 2018 (Nov 22 - 26) 1/2\nMario Tennis, Skyrim, Kirby, Xenoblade Chronicles 2, Pokken $49.99\nCOD BO 4 $59.99\xe2\x80\xa6'"
b'RT @FurmanPaladins: .@FurmanMTennis Signs Chad Nash https://t.co/dgOBp1FqVk https://t.co/a0lxRNB9Us'
b'RT @jt_sports: Alexander Zverev upsets Novak Djokovic to win ATP Finals https://t.co/AoNNcRXigt'
b'RT @wusports: NEWS: @IchabodTennis announces signing class. #GoBods https://t.co/NFOYw2gmNM'
"b""New blog post: Men's ELO Rankings 19/11/2018 https://t.co/EXG6FQFTb9 https://t.co/JocoyJCovs"""
b'RT @troywjohnston: Asic takes action against two former Tennis Australia directors\n\nCorporate regulator says Harold Mitchell and Stephen He\xe2\x80\xa6'
b'Men\xe2\x80\x99s And Women\xe2\x80\x99s Tennis Volunteer At Our Savior Lutheran Church And School\nhttps://t.co/OTiblFDpcj https://t.co/JQxVxQ2vjW'
b'Novak Djokovic is looking at a monster 2019 \xe2\x80\x93 Brad\xc2\xa0Gilbert https://t.co/EWAjunNTuQ https://t.co/vdQRBoPx8R'
b'RT @TelegraphSport: What impact has Ivan Lendl had on Alexander Zverev to help him beat Federer and Djokovic back-to-back? The @TennisPodca\xe2\x80\xa6'
b'NEWS: @IchabodTennis announces signing class. #GoBods https://t.co/NFOYw2gmNM'
b'What impact has Ivan Lendl had on Alexander Zverev to help him beat Federer and Djokovic back-to-back? The\xe2\x80\xa6 https://t.co/4Y82DL0kXk'
b'La saison 2018: le come-back de Djokovic et de la r\xc3\xa9volte de la jeunesse (Belgian press) -\n2018 crowned the dazzlin\xe2\x80\xa6 https://t.co/PDQ9wPo14y'
b'East Tennis Welcomes Coach Goodell https://t.co/K97RN72Z2q'
"b""We'd like to welcome Delanie Dunkle and Melissa LaMette to the Cal Poly women's tennis family! #RideHigh\n\nhttps://t.co/JULljylfKo"""
"b'November 19, 2006: Roger Federer topples Blake to regain Masters\xc2\xa0Cup https://t.co/K3y8zc2DiR https://t.co/6SrJWqo4Yi'"
"b'""Osuigwe, 16, Clinches Australian Open Wild Card From USTA"" by THE ASSOCIATED PRESS via NYT https://t.co/NQMrXE6VPL'"
"b'""Osuigwe, 16, Clinches Australian Open Wild Card From USTA"" by THE ASSOCIATED PRESS via NYT https://t.co/dxJPA8JdNw'"
b'RT @BellshawGeorge: Alexander Zverev is the future of men\xe2\x80\x99s tennis \xe2\x80\x93 but don\xe2\x80\x99t expect miracles in 2019 https://t.co/JyV2T6GIHc'
"b'""Osuigwe, 16, Clinches Australian Open Wild Card From USTA"" by THE ASSOCIATED PRESS via NYT https://t.co/PMjjBglgzO'"
b'RT @troywjohnston: Asic takes action against two former Tennis Australia directors\n\nCorporate regulator says Harold Mitchell and Stephen He\xe2\x80\xa6'
"b'""Osuigwe, 16, Clinches Australian Open Wild Card From USTA"" by THE ASSOCIATED PRESS via NYT https://t.co/Oe5eGLpqLw'"
"b'""Osuigwe, 16, Clinches Australian Open Wild Card From USTA"" by THE ASSOCIATED PRESS via NYT https://t.co/HqkFsHwbon'"
"b'""Osuigwe, 16, Clinches Australian Open Wild Card From USTA"" by THE ASSOCIATED PRESS via NYT https://t.co/J2oP74cixY'"
"b'""Osuigwe, 16, Clinches Australian Open Wild Card From USTA"" by THE ASSOCIATED PRESS via NYT https://t.co/d8RXXrPwmn'"
b'Most influential athletes for this Generation?\n#AllenIverson #MichaelJordan #SerenaWilliams #SeanTaylor #Sports\xe2\x80\xa6 https://t.co/ew3yCZK1IU'
"b'RT @ArizonaMTennis: The University of Arizona has signed top Canadian prospect Nick Lagaev. Welcome to the Wildcat family, Nick!\n\n#BearDown\xe2\x80\xa6'"
b'RT @spidermten: Welcome to the Spider family @_ricky_bell ! \n\nhttps://t.co/ZmqX09ZoNR\n\n#OneRichmond \xf0\x9f\x95\xb7\xef\xb8\x8f'
b'RT @BellshawGeorge: Alexander Zverev is the future of men\xe2\x80\x99s tennis \xe2\x80\x93 but don\xe2\x80\x99t expect miracles in 2019 https://t.co/JyV2T6GIHc'
"b'""Osuigwe, 16, Clinches Australian Open Wild Card From USTA"" by THE ASSOCIATED PRESS via NYT https://t.co/fgTTM4BDZt'"
b'RT @troywjohnston: Asic takes action against two former Tennis Australia directors\n\nCorporate regulator says Harold Mitchell and Stephen He\xe2\x80\xa6'
"b'#TENNIS ""Osuigwe, 16, Clinches Australian Open Wild Card From USTA"" by THE ASSOCIATED PRESS via NYT https://t.co/7LxAId3coV'"
"b'""Osuigwe, 16, Clinches Australian Open Wild Card From USTA"" by THE ASSOCIATED PRESS via NYT https://t.co/eszVzH3tMA'"
b'RT @troywjohnston: Asic takes action against two former Tennis Australia directors\n\nCorporate regulator says Harold Mitchell and Stephen He\xe2\x80\xa6'
b'RT @troywjohnston: Asic takes action against two former Tennis Australia directors\n\nCorporate regulator says Harold Mitchell and Stephen He\xe2\x80\xa6'
b'RT @GoBearcatsWTEN: Welcome to the #Bearcats Kelli!\n\n\xf0\x9f\x93\x9d: https://t.co/ih9zgWi7Ti https://t.co/MufqPiSrO7'
b'RT @troywjohnston: Asic takes action against two former Tennis Australia directors\n\nCorporate regulator says Harold Mitchell and Stephen He\xe2\x80\xa6'
"b""Zverev: 'Beating Roger Federer, Novak Djokovic back to back means so\xc2\xa0much' https://t.co/2K6zwrf4wt https://t.co/Qi0hzMK7bX"""
b'RT @troywjohnston: Asic takes action against two former Tennis Australia directors\n\nCorporate regulator says Harold Mitchell and Stephen He\xe2\x80\xa6'
b'RT @troywjohnston: Asic takes action against two former Tennis Australia directors\n\nCorporate regulator says Harold Mitchell and Stephen He\xe2\x80\xa6'
"b'@bjorn6 @josemorgado Lol ffs \xf0\x9f\x98\x82\xf0\x9f\x98\x82 i watch tennis ""live"" i really dont need reseach to tell me Djoko cant compete with\xe2\x80\xa6 https://t.co/mtNbkKy9nh'"
b'Mardy Fish Children\xe2\x80\x99s Foundation Futures Event In Vero Beach Moves To Boulevard Tennis Club https://t.co/Co7mdoQ2MT https://t.co/fhCH8zAXxx'
b'RT @troywjohnston: Asic takes action against two former Tennis Australia directors\n\nCorporate regulator says Harold Mitchell and Stephen He\xe2\x80\xa6'
b'RT @CristinaNcl: Asic takes action against two former Tennis Australia directors -\nThe case relates to TA board\xe2\x80\x99s decision in 2013 to award\xe2\x80\xa6'
b'Asic takes action against two former Tennis Australia directors -\nThe case relates to TA board\xe2\x80\x99s decision in 2013 t\xe2\x80\xa6 https://t.co/VIqEOGQZOo'
b'Welcome to the #Bearcats Kelli!\n\n\xf0\x9f\x93\x9d: https://t.co/ih9zgWi7Ti https://t.co/MufqPiSrO7'
"b""Widen adds transfer Luka Soskic to men's tennis roster for this spring.\n\nWELCOME TO THE FAMILY LUKA!!\xe2\x80\xa6 https://t.co/2ffnTZ7jvL"""
b'RT @spidermten: Welcome to the Spider family @_ricky_bell ! \n\nhttps://t.co/ZmqX09ZoNR\n\n#OneRichmond \xf0\x9f\x95\xb7\xef\xb8\x8f'
"b'The University of Arizona has signed top Canadian prospect Nick Lagaev. Welcome to the Wildcat family, Nick!\xe2\x80\xa6 https://t.co/gngDDrK1a8'"
b'Greg Rusedski criticizes Dominic Thiem after his loss to Roger\xc2\xa0Federer https://t.co/U9IxoKM1gG https://t.co/zhPX3Qf6YD'
b'Tennis Announces Captains https://t.co/qTRQyxVg1m'
b'Tennis Announces Captains https://t.co/VRcOjjKtji'
"b'An impressive outing this weekend for Jack Lin, who won the NY Open at the BJK Tennis Center!\n\n#RoarLionRoar \n\nhttps://t.co/fVT0erwHDG'"
b'RT @spidermten: Welcome to the Spider family @_ricky_bell ! \n\nhttps://t.co/ZmqX09ZoNR\n\n#OneRichmond \xf0\x9f\x95\xb7\xef\xb8\x8f'
b'RT @BellshawGeorge: Alexander Zverev is the future of men\xe2\x80\x99s tennis \xe2\x80\x93 but don\xe2\x80\x99t expect miracles in 2019 https://t.co/JyV2T6GIHc'
b'RT @USDavisCupFans: Mardy Fish Children\xe2\x80\x99s Foundation Futures Event In Vero Beach Moves To Boulevard Tennis Club https://t.co/Nj7abof4J8 htt\xe2\x80\xa6'
b'Mardy Fish Children\xe2\x80\x99s Foundation Futures Event In Vero Beach Moves To Boulevard Tennis Club https://t.co/Nj7abof4J8 https://t.co/J4Hm0bsPzq'
b'Tennis coach in #Delaware #sentenced to three years for #sex #crimes - Nov 19 @ 12:24 PM ET  https://t.co/nvnL1i3Lk8'
b'RT @BellshawGeorge: Alexander Zverev is the future of men\xe2\x80\x99s tennis \xe2\x80\x93 but don\xe2\x80\x99t expect miracles in 2019 https://t.co/JyV2T6GIHc'
"b'A 37-year-old shouldn\xe2\x80\x99t be favourite to win ATP Finals, says Roger\xc2\xa0Federer https://t.co/CHVnc8AK24 https://t.co/TCQKR4zGyq'"
"b'What happened on November 19, 2018 in #Tennis History? Download the Tennis History app to find out!\nhttps://t.co/Bw617g0SGm'"
"b'The Tennis Podcast: Zverev vs Tsitsipas - the next compelling, combustible tennis rivalry? - https://t.co/7prt5Pc3pH https://t.co/vQWGN3l2Ue'"
b'RT @TelegraphSport: Is Alexander Zverev vs. Stefanos Tsitsipas the tense tennis rivalry we\xe2\x80\x99ve all been waiting for? The @TennisPodcast team\xe2\x80\xa6'
"b""Zverev thanks 'soft guy' Dad after ATP Finals win  https://t.co/xKcunqwmP5"""
"b'RT @CofCSports: ""It\'s always better to give back in as many ways as possible... It\'s a proud day for our program and a testament to the cha\xe2\x80\xa6'"
b'RT @Sport_Integrity: The SII Briefs: The @ITF_Tennis forms an Independent Ethics Commission &amp; approves a new Code of Ethics: https://t.co/b\xe2\x80\xa6'
b'RT @BellshawGeorge: Alexander Zverev is the future of men\xe2\x80\x99s tennis \xe2\x80\x93 but don\xe2\x80\x99t expect miracles in 2019 https://t.co/JyV2T6GIHc'
"b'XOXO Tennis Bracelet with Blue Diamond in Sterling Silver-Plated Brass, 7\xc2\xa01/4\xe2\x80\xb3 https://t.co/R3fvOIbxlB https://t.co/JIE2ymJ1M5'"
b'The SII Briefs: The @ITF_Tennis forms an Independent Ethics Commission &amp; approves a new Code of Ethics:\xe2\x80\xa6 https://t.co/xh64UmYEbg'
b'The SII Briefs: The @ITF_Tennis  forms an Independent Ethics Commission &amp; approves a new Code of Ethics:\xe2\x80\xa6 https://t.co/b6XIQpap9c'
b'RT @Robert_LWOS: Why Zverev\xe2\x80\x99s Win over Djokovic was NOT an Upset \nhttps://t.co/gb2sMmbYIq via @lastwordtennis #ATP #ATPFinals #Tennis #LWOS'
"b""Has the Future of Men\xe2\x80\x99s Tennis Arrived? We look at Alexander Zverev's master-class of Novak Djokovic on Sunday in L\xe2\x80\xa6 https://t.co/d2is3GNlHy"""
"b""New ATP Finals champ thanks 'soft guy' Dad https://t.co/kEMnXAMiZw https://t.co/fJloeIwbOn"""
"b'New post!\nATP Rankings Report \xe2\x80\x93\xc2\xa0Nov. 19, 2018\n - https://t.co/OXBAr4GBsl https://t.co/nR5PqeG4Y0'"
b'RT @troywjohnston: Asic takes action against two former Tennis Australia directors\n\nCorporate regulator says Harold Mitchell and Stephen He\xe2\x80\xa6'
"b'The #Tennis Podcast: Zverev vs Tsitsipas - the next compelling, combustible #tennis rivalry? -\xe2\x80\xa6 https://t.co/t8tB5inUiL'"
"b'RT @CristinaNcl: \xe2\x80\x98Oh, Jesus. Oh, my God,\xe2\x80\x99 he cried [hearing] Djokovic\xe2\x80\x99s comments. \n\xe2\x80\x98I mean, I\xe2\x80\x99ve won one of those. He won five. He\xe2\x80\x99s won, I\xe2\x80\xa6'"
"b""'Never discount a champion' \xe2\x80\x93 Greg Rusedski praises Roger\xc2\xa0Federer https://t.co/Y9tkqt2vv8 https://t.co/8Bd2RJFWmb"""
b'Welcome to the Spider family @_ricky_bell ! \n\nhttps://t.co/ZmqX09ZoNR\n\n#OneRichmond \xf0\x9f\x95\xb7\xef\xb8\x8f'
"b'\xe2\x80\x98Oh, Jesus. Oh, my God,\xe2\x80\x99 he cried [hearing] Djokovic\xe2\x80\x99s comments. \n\xe2\x80\x98I mean, I\xe2\x80\x99ve won one of those. He won five. He\xe2\x80\x99s\xe2\x80\xa6 https://t.co/IbYltlROPH'"
b'2019 Will be an EVEN BETTER Year for Nintendo Switch Games https://t.co/mQX2daDju4 \n\nThe Nintendo Switch has had a\xe2\x80\xa6 https://t.co/eSqB2brVuk'
"b'New pick from Tennis JUNIOR bets \n\nView pick\n\n19 November 2018, 16:30 UTC\nTennis - Other:\nKobelt/Trotter vs Frutter\xe2\x80\xa6 https://t.co/EKNZpKlcfP'"
"b'View pick\n\n19 November 2018, 16:30 UTC\nTennis - Other:\nKobelt/Trotter vs Fruttero/Schneider\npick: Kobelt/Trotter (T\xe2\x80\xa6 https://t.co/Ts6xZ7vUD2'"
"b""RT @AuburnMTennis: Men's Tennis Sets 2019 Spring Schedule https://t.co/O08n3Mdf7W"""
b'RT @TelegraphSport: Is Alexander Zverev vs. Stefanos Tsitsipas the tense tennis rivalry we\xe2\x80\x99ve all been waiting for? The @TennisPodcast team\xe2\x80\xa6'
"b""Novak Djokovic: 'I hope Alexander Zverev can surpass\xc2\xa0me' https://t.co/Y6tfydqbmM https://t.co/fw9AqkzJsh"""
b'Is Alexander Zverev vs. Stefanos Tsitsipas the tense tennis rivalry we\xe2\x80\x99ve all been waiting for? The @TennisPodcast\xe2\x80\xa6 https://t.co/QdoOfzZG2i'
"b""Men's Tennis Sets 2019 Spring Schedule https://t.co/O08n3Mdf7W"""
"b""New ATP Finals champ thanks 'soft guy' Dad https://t.co/xMUqScAEMt https://t.co/PzaunAApNK"""
b'TENNIS | Pitt-Bradford Tennis To Host Third Annual Hot Paws Campaign https://t.co/uLsrJfqc0D'
"b""RT @RealCBG: After the biggest win of Alexander Zverev's career, has the future of men's tennis finally arrived? My latest #TennisElbow for\xe2\x80\xa6"""
"b""New post (Tennis: Becker hails 'superstar' Zverev as best of new generation) has been published on World News Time\xe2\x80\xa6 https://t.co/Fo9z2Xz3V6"""
"b'RT @CofCSports: ""It\'s always better to give back in as many ways as possible... It\'s a proud day for our program and a testament to the cha\xe2\x80\xa6'"
"b'""It\'s always better to give back in as many ways as possible... It\'s a proud day for our program and a testament to\xe2\x80\xa6 https://t.co/oekBXYRsWg'"
"b""New ATP Finals champ thanks 'soft guy' Dad https://t.co/IjwSbXnN7G"""
b'Most influential athletes for this Generation?\n#AllenIverson #MichaelJordan #SerenaWilliams #SeanTaylor #Sports\xe2\x80\xa6 https://t.co/UecKTOMeqV'
b'.@FurmanMTennis Signs Chad Nash https://t.co/dgOBp1FqVk https://t.co/a0lxRNB9Us'
"b'RT @BTA_tennis: Here\xe2\x80\x99s the 1st update from our director Raphael who is in #SouthAfrica for 3 ITF women\xe2\x80\x99s tournaments with Cici, Teba &amp; Paig\xe2\x80\xa6'"
b'Boris Becker backs Alexander Zverev to be tennis\xe2\x80\x99 \xe2\x80\x98next superstar\xe2\x80\x99 after ATP Finals\xc2\xa0triumph https://t.co/0fIpijrehZ'
b'MN HIGH SCHOOL FALL PARADE OF CHAMPIONS\n2018-19 Girls Tennis\nClass AA Team Champion\nEdina https://t.co/DQFIb1VP50'
b'MN HIGH SCHOOL FALL PARADE OF CHAMPIONS\n2018-19 Girls Tennis\nClass AA Doubles\nMaddie Suk &amp; Rachel Kelly\nHopkins https://t.co/aCt32DXSue'
"b'RT @cnnsport: ""He\'s basically been coaching me for 21 years""\n\nAlexander Zverev thanks his ""soft guy"" Dad after winning the #NittoATPFinals\xe2\x80\xa6'"
"b""After the biggest win of Alexander Zverev's career, has the future of men's tennis finally arrived? My latest\xe2\x80\xa6 https://t.co/nsSxJ1DBgV"""
"b'Mardy Fish Children\xe2\x80\x99s Foundation Futures Event In Vero Beach, Florida Moves To Boulevard Tennis Club\xe2\x80\xa6 https://t.co/LAMHAg9EY4'"
b'MN HIGH SCHOOL FALL PARADE OF CHAMPIONS\n2018-19 Girls Tennis\nClass AA Singles\nNicole Copeland \nEdina https://t.co/5yLP74atPS'
b'MN HIGH SCHOOL FALL PARADE OF CHAMPIONS\n2018-19 Girls Tennis\nClass A Team Champion\nBlake https://t.co/spnSzfMzRr'
"b""New ATP Finals champ thanks 'soft guy' Dad https://t.co/R0fXI3wP57"""
b'MN HIGH SCHOOL FALL PARADE OF CHAMPIONS\n2018-19 Girls Tennis\nClass A Doubles\nClare Palen &amp; Natalie Allison\nRocheste\xe2\x80\xa6 https://t.co/5QC3kdxOUu'
"b""New ATP Finals champ thanks 'soft guy' Dad https://t.co/3HIKbZZIHB"""
b'Roger Federer: Seeking rhythm indoors can be\xc2\xa0frustrating https://t.co/yxeKromU6t https://t.co/2ijcWyDTra'
b'RT @troywjohnston: Asic takes action against two former Tennis Australia directors\n\nCorporate regulator says Harold Mitchell and Stephen He\xe2\x80\xa6'
b'Purton Tennis Club Fencing\xc2\xa0Project https://t.co/6IW9ZHMMGy https://t.co/cu13XLpYvl'
b'RT @HSAHubMN: MN HIGH SCHOOL FALL PARADE OF CHAMPIONS\n2018-19 Girls Tennis\nClass A Singles\nArlina Shen\nBlake https://t.co/Xq08BLJhA0'
b'MN HIGH SCHOOL FALL PARADE OF CHAMPIONS\n2018-19 Girls Tennis\nClass A Singles\nArlina Shen\nBlake https://t.co/Xq08BLJhA0'
"b""After his master-class of Novak Djokovic on Sunday, Alexander Zverev proved that the future of men's tennis has arr\xe2\x80\xa6 https://t.co/t1F8gOPBYX"""
b'Has the Future of Men\xe2\x80\x99s Tennis\xc2\xa0Arrived? https://t.co/mXQ36wllXS https://t.co/zp3HIuJRk9'
b'Tennis Star Eugenie Bouchard Busting Out Her Bikini Cleavage? Yes Please! https://t.co/RyuWvA0Hj8 https://t.co/X7VazOIRnr'
"b'Ex-teacher, tennis coach gets prison in 1989-90 sex crimes https://t.co/AjblDbT4C9'"
b'RT @BellshawGeorge: Alexander Zverev is the future of men\xe2\x80\x99s tennis \xe2\x80\x93 but don\xe2\x80\x99t expect miracles in 2019 https://t.co/JyV2T6GIHc'
"b'Ex-teacher, tennis coach gets prison in 1989-90 sex crimes https://t.co/KbVgkIKJtt via @WashTimes'"
b'Why Zverev\xe2\x80\x99s Win over Djokovic was NOT an Upset \nhttps://t.co/gb2sMmbYIq via @lastwordtennis #ATP #ATPFinals #Tennis #LWOS'
"b""Via @CNN\xe2\x9c\x94\xef\xb8\x8f New ATP Finals champ thanks 'soft guy' Dad https://t.co/uJ3FhDMLSB"""
b'RT @BellshawGeorge: Alexander Zverev is the future of men\xe2\x80\x99s tennis \xe2\x80\x93 but don\xe2\x80\x99t expect miracles in 2019 https://t.co/JyV2T6GIHc'
"b""Connor Enslin Signs with Gardner-Webb Men's Tennis https://t.co/h05B0e4R27"""
"b""Alexander Zverev thanks 'soft guy' Dad after ATP Finals win https://t.co/AXy4Qtud8T"""
"b'Ex-teacher, tennis coach gets prison in 1989-90 sex crimes https://t.co/aImVN7RFBf #crimes #crimestopper #crimenews'"
"b'RT @cnnsport: ""He\'s basically been coaching me for 21 years""\n\nAlexander Zverev thanks his ""soft guy"" Dad after winning the #NittoATPFinals\xe2\x80\xa6'"
b'RT @troywjohnston: Asic takes action against two former Tennis Australia directors\n\nCorporate regulator says Harold Mitchell and Stephen He\xe2\x80\xa6'
"b""Alexander Zverev thanks 'soft guy' Dad after ATP Finals win https://t.co/2EMsga1cqD"""
b'RT @TelegraphSport: Alexander Zverev downs Federer and Djokovic in straight sets on successive days. Is that enough to convince The @Tennis\xe2\x80\xa6'
"b""Sascha Zverev is the future of men's tennis - but don't expect miracles in 2019 https://t.co/oMEvX3Va0f via @Metro_Sport"""
"b""Becker hails 'superstar' Zverev as best of new generation https://t.co/PmoOJALLwG https://t.co/an3vK0AtmE"""
b'RT @BellshawGeorge: Alexander Zverev is the future of men\xe2\x80\x99s tennis \xe2\x80\x93 but don\xe2\x80\x99t expect miracles in 2019 https://t.co/JyV2T6GIHc'
"b'RT @cnnsport: ""He\'s basically been coaching me for 21 years""\n\nAlexander Zverev thanks his ""soft guy"" Dad after winning the #NittoATPFinals\xe2\x80\xa6'"
"b'RT @cnnsport: ""He\'s basically been coaching me for 21 years""\n\nAlexander Zverev thanks his ""soft guy"" Dad after winning the #NittoATPFinals\xe2\x80\xa6'"
"b""Sascha Zverev is the future of men's tennis - but don't expect miracles in 2019 https://t.co/QKNaligfZ3 via @Metro_Sport"""
b'many black fitness professionals are angered by the fitness industry\xe2\x80\x99s new interest in larger bottoms that has led\xe2\x80\xa6 https://t.co/dlGYYiieBL'
"b'""He\'s basically been coaching me for 21 years""\n\nAlexander Zverev thanks his ""soft guy"" Dad after winning the\xe2\x80\xa6 https://t.co/utEPq5gX8X'"
"b""@null New ATP Finals champ thanks 'soft guy' Dad After sealing the biggest title of hi  https://t.co/2GkIiTNNvO"""
"b""@null New ATP Finals champ thanks 'soft guy' Dad After sealing the biggest title of hi  https://t.co/yORijNHXWX"""
"b""@null New ATP Finals champ thanks 'soft guy' Dad After sealing the biggest title of hi  https://t.co/LZupIkDzVQ"""
"b""New ATP Finals champ thanks 'soft guy' Dad https://t.co/y3SrDOjpzP"""
"b""@null New ATP Finals champ thanks 'soft guy' Dad After sealing the biggest title of hi  https://t.co/sofKEQLplt"""
"b""New ATP Finals champ thanks 'soft guy' Dad After sealing the biggest title of his young career, Alexander Zverev em\xe2\x80\xa6 https://t.co/gA1wyV5l9E"""
"b""CNN RSS: New ATP Finals champ thanks 'soft guy' Dad https://t.co/DbePdxaltg via cnnbrk cnn Retweet"""
"b'Flushing Bank Sponsors Flushing Bank Cup, Table Tennis Tournament $FFIC https://t.co/7zMtma9sRG'"
b'RT @BellshawGeorge: Alexander Zverev is the future of men\xe2\x80\x99s tennis \xe2\x80\x93 but don\xe2\x80\x99t expect miracles in 2019 https://t.co/JyV2T6GIHc'
"b""Zverev thanks 'soft guy' Dad after ATP Finals win Alexander Zverev speaks to CNN Sport after securing the biggest t\xe2\x80\xa6 https://t.co/1UkMEFjzJB"""
"b""Zverev thanks 'soft guy' Dad after ATP Finals win\nhttps://t.co/CLkQYBPCHx https://t.co/Gw87MxrcV2"""
b'| The German beat Federer and Djokovic to win the ATP Finals. &gt; https://t.co/zf993mAkOp'
"b""* Alexander Zverev is the future of men's tennis \xe2\x80\x93 but don't expect miracles in 2019 https://t.co/gEH2mCPhoB"""
"b""Becker hails 'superstar' Zverev as best of new generation\nhttps://t.co/6jIxmsBGqg https://t.co/S3TKFLSYKy"""
"b""Sascha Zverev is the future of men's tennis - but don't expect miracles in 2019 https://t.co/RLmM2tBeL8 via @MetroUK Yes"""
b'RT @BellshawGeorge: Alexander Zverev is the future of men\xe2\x80\x99s tennis \xe2\x80\x93 but don\xe2\x80\x99t expect miracles in 2019 https://t.co/JyV2T6GIHc'
b'RT @BellshawGeorge: Alexander Zverev is the future of men\xe2\x80\x99s tennis \xe2\x80\x93 but don\xe2\x80\x99t expect miracles in 2019 https://t.co/JyV2T6GIHc'
b'RT @BellshawGeorge: Alexander Zverev is the future of men\xe2\x80\x99s tennis \xe2\x80\x93 but don\xe2\x80\x99t expect miracles in 2019 https://t.co/JyV2T6GIHc'
"b'""Becker Hails \'Superstar\' Zverev as Best of New Generation"" by REUTERS via NYT https://t.co/l8Q0IcJqDL'"
"b'""Tennis: Becker Hails \'Superstar\' Zverev as Best of New Generation"" by REUTERS via NYT https://t.co/YAezhFsTwD'"
b'RT @BellshawGeorge: Alexander Zverev is the future of men\xe2\x80\x99s tennis \xe2\x80\x93 but don\xe2\x80\x99t expect miracles in 2019 https://t.co/JyV2T6GIHc'
b'RT @troywjohnston: Asic takes action against two former Tennis Australia directors\n\nCorporate regulator says Harold Mitchell and Stephen He\xe2\x80\xa6'
b'RT @troywjohnston: Asic takes action against two former Tennis Australia directors\n\nCorporate regulator says Harold Mitchell and Stephen He\xe2\x80\xa6'
"b'#TENNIS ""Becker Hails \'Superstar\' Zverev as Best of New Generation"" by REUTERS via NYT https://t.co/2s9JIcPhTr'"
"b'#TENNIS ""Tennis: Becker Hails \'Superstar\' Zverev as Best of New Generation"" by REUTERS via NYT https://t.co/PDHDdeh62s'"
"b'""Becker Hails \'Superstar\' Zverev as Best of New Generation"" by REUTERS via NYT https://t.co/cNWdzZnUmQ'"
"b'""Tennis: Becker Hails \'Superstar\' Zverev as Best of New Generation"" by REUTERS via NYT https://t.co/31D6W5cooP'"
b'RT @9NewsAUS: The corporate regulator has begun civil action against two former directors of Tennis Australia for awarding television broad\xe2\x80\xa6'
b'#Zverev so proud after astonishing finale in #London https://t.co/fiOSrzI9OP'
b'RT @BellshawGeorge: Alexander Zverev is the future of men\xe2\x80\x99s tennis \xe2\x80\x93 but don\xe2\x80\x99t expect miracles in 2019 https://t.co/JyV2T6GIHc'
b'Alexander Zverev is the future of men\xe2\x80\x99s tennis \xe2\x80\x93 but don\xe2\x80\x99t expect miracles in 2019 https://t.co/JyV2T6GIHc'
b'RT @troywjohnston: Asic takes action against two former Tennis Australia directors\n\nCorporate regulator says Harold Mitchell and Stephen He\xe2\x80\xa6'
"b""RT @FOX43Sports: This has unquestionably been Novak Djokovic's year in men's tennis. But that didn't matter to Alexander Zverev on Sunday a\xe2\x80\xa6"""
"b""This has unquestionably been Novak Djokovic's year in men's tennis. But that didn't matter to Alexander Zverev on S\xe2\x80\xa6 https://t.co/aPdz0tGSDZ"""
b'RT @9NewsAUS: The corporate regulator has begun civil action against two former directors of Tennis Australia for awarding television broad\xe2\x80\xa6'
b'RT @9NewsAUS: The corporate regulator has begun civil action against two former directors of Tennis Australia for awarding television broad\xe2\x80\xa6'
b'RT @9NewsAUS: The corporate regulator has begun civil action against two former directors of Tennis Australia for awarding television broad\xe2\x80\xa6'
b'RT @9NewsAUS: The corporate regulator has begun civil action against two former directors of Tennis Australia for awarding television broad\xe2\x80\xa6'
b'RT @9NewsAUS: The corporate regulator has begun civil action against two former directors of Tennis Australia for awarding television broad\xe2\x80\xa6'
b'RT @9NewsAUS: The corporate regulator has begun civil action against two former directors of Tennis Australia for awarding television broad\xe2\x80\xa6'
b'The corporate regulator has begun civil action against two former directors of Tennis Australia for awarding televi\xe2\x80\xa6 https://t.co/fghsgnvPdk'
"b""Zverev so proud after astonishing finale in London https://t.co/H4WIpfLo5C\nGermany's Alexander #Zverev described hi\xe2\x80\xa6 https://t.co/93wIFSuSpV"""
b'ATP launching 10-day event ahead of 2020 tennis season https://t.co/rzhE7VGJ8o'
b'Zverev is the young gun tennis has been waiting for | The New Daily https://t.co/dDA06JdND3'
"b'EBGames Black Friday 2018 (Nov 22 - 26) 1/2\nMario Tennis, Skyrim, Kirby, Xenoblade Chronicles 2, Pokken $49.99\nCOD\xe2\x80\xa6 https://t.co/KPXC1xVGeJ'"
"b""Novak Djokovic reveals plan to interrupt Roger Federer's 20 Main titles\xc2\xa0file https://t.co/HKXahhKvJx https://t.co/DHRrCi0Rd1"""
b'RT @TelegraphSport: Alexander Zverev downs Federer and Djokovic in straight sets on successive days. Is that enough to convince The @Tennis\xe2\x80\xa6'
b'$15 million team competition set to launch 2020 tennis season https://t.co/EDOWRhhQIj'
b'Alexander Zverev became the first German tennis player since 1996 to make it to the title match of the season-endin\xe2\x80\xa6 https://t.co/dyHNOSSh4b'
"b'\xf0\x9f\x8e\xa5 | Leon playing table tennis with friends tonight!\n\n\xe2\x80\xa2 Nov 19, 2018\n\xe2\x80\xa2 Via kvl.e on Instagram https://t.co/mHq3xqr381'"
b'To read the latest intro edition of UK Tennis Magazine Click Here If you are already a subscriber to UK Tennis Maga\xe2\x80\xa6 https://t.co/OqlWqWvqGI'
b'Latest Edition of UK Tennis\xc2\xa0Magazine https://t.co/FTKr5p7pto https://t.co/kltGVm6vQ5'
b'To read the latest intro edition of UK Tennis Magazine Click Here If you are already a subscriber to UK Tennis Maga\xe2\x80\xa6 https://t.co/booXjK6OA2'
b'Latest Edition of UK Tennis\xc2\xa0Magazine https://t.co/HnH5nAsMRg https://t.co/NcSv0c1E3q'
"b'TGA Premier Sports Expands with Four New Franchises\n\nLeading after-school sports program expands with golf, tennis\xe2\x80\xa6 https://t.co/fIHn5wtjou'"
b'RT @ChrisLewit: What\xe2\x80\x99s the best sport to cross train to enhance tennis skills?\n\nThanks for sharing your pick!\n\nChris Lewit shares his top 1\xe2\x80\xa6'
b'This is just too hilarious! Zverev! \xf0\x9f\xa4\xa3\xf0\x9f\xa4\xa3\xf0\x9f\x98\x82\xf0\x9f\x98\x82\n\nWatch the full video:\n\n#ATPFinals \n#ATP \n#NittiATPFinals\n#ATPWorldTour\xe2\x80\xa6 https://t.co/bO551QU5by'
b'RT @delawareonline: Delaware tennis hall of famer sentenced to three years in prison for 1989-90 sex crimes https://t.co/aPrXP38MJo https:/\xe2\x80\xa6'
b'RT @delawareonline: Delaware tennis hall of famer sentenced to three years in prison for 1989-90 sex crimes https://t.co/aPrXP38MJo https:/\xe2\x80\xa6'
b'RT @TelegraphSport: Alexander Zverev downs Federer and Djokovic in straight sets on successive days. Is that enough to convince The @Tennis\xe2\x80\xa6'
b'Delaware tennis hall of famer sentenced to three years in prison for 1989-90 sex crimes https://t.co/aPrXP38MJo https://t.co/6DFcNdikCz'
b'What\xe2\x80\x99s the best sport to cross train to enhance tennis skills?\n\nThanks for sharing your pick!\n\nChris Lewit shares h\xe2\x80\xa6 https://t.co/InEzHXh6CX'
b'Alexander Zverev downs Federer and Djokovic in straight sets on successive days. Is that enough to convince The\xe2\x80\xa6 https://t.co/sYGu7bnlJZ'
b'Should Your Tennis Child Be Playing Multiple Sports? Chris Lewit\xe2\x80\x99s Top\xc2\xa010 https://t.co/qqs2ojohG5'
b'Former Tennis Australia bosses investigated over TV rights deal https://t.co/bcJempY7kI via @ABCNews'
b'***TIP ALERT***\n\n19/11/2018 - Daily Tips https://t.co/m7Mp88TGKx   \n\n***WARNING***\nYou will only be able to see the\xe2\x80\xa6 https://t.co/qSD4vr2Y5G'
"b'Roger Federer and Novak Djokovic are nonetheless the blokes to beat, says\xc2\xa0Zverev https://t.co/AAT5ICBpbX https://t.co/Twg5fiFJ3x'"
b'RT @abcnews: ASIC takes legal action against former Tennis Australia bosses Harold Mitchell and Stephen Healy https://t.co/QgXdYwXrWL'
b'#Delaware tennis #hall of famer #sentenced to three years in #prison for 1989-90 #sex #cri - Nov 19 @ 6:12 AM ET  https://t.co/JUoSnFN1FP'
b'RT @troywjohnston: Asic takes action against two former Tennis Australia directors\n\nCorporate regulator says Harold Mitchell and Stephen He\xe2\x80\xa6'
b'Delaware tennis hall of famer sentenced to three years in prison for 1989-90 sex crimes - The News Journal https://t.co/AYf5Cctfwj'
b'13-year old Filipino tennis prodigy Alex Eala wins the Phinma-PSC International Juniors tournament! This brings her\xe2\x80\xa6 https://t.co/1NwmsTK9Us'
b'RT @abcgrandstand: Former Tennis Australia bosses Harold Mitchell and Stephen Healy are being investigated over TV rights deal. #Australian\xe2\x80\xa6'
b'RT @abcgrandstand: Former Tennis Australia bosses Harold Mitchell and Stephen Healy are being investigated over TV rights deal. #Australian\xe2\x80\xa6'
"b'RT @BTA_tennis: Here\xe2\x80\x99s the 1st update from our director Raphael who is in #SouthAfrica for 3 ITF women\xe2\x80\x99s tournaments with Cici, Teba &amp; Paig\xe2\x80\xa6'"
b'Advantage Pro from @TigerTurfUK chosen for tennis club https://t.co/ZEj2VieGeU https://t.co/9xreInjrVp'
b'RT @punga127: ATP Finals \xe2\x80\x93 Sunday Schedule: Novak Djokovic vs Zverev for the\xc2\xa0history https://t.co/2EaYXr2w5t https://t.co/ZWkFBTC4kh'
"b'Here\xe2\x80\x99s the 1st update from our director Raphael who is in #SouthAfrica for 3 ITF women\xe2\x80\x99s tournaments with Cici, Teb\xe2\x80\xa6 https://t.co/qH3Dg0bEAb'"
"b'Philippines\xe2\x80\x99 Alex Eala took the Phinma-PSC International Junior Tennis Championships title, defeating Canada\xe2\x80\x99s Dash\xe2\x80\xa6 https://t.co/SaDKMNdEtz'"
"b'It Means So Much To Beat Two Tennis Greats Back To Back, Zverev Says https://t.co/K6RJ4sPfcu https://t.co/Qe9wrNwDr7'"
b'Former Tennis Australia big wigs in the gun for TV deal https://t.co/clZx5pmoPD via @skinnergj'
b'Novak Djokovic reveals health issues after loss to Alexander\xc2\xa0Zverev https://t.co/JochzkxmS7 https://t.co/dFFHMmEy0x'
"b""Serena Williams: 'My dad always put God first, then family, then\xc2\xa0tennis' https://t.co/RSSbeZYy2L https://t.co/jMpm9DWKqW"""
b'RT @troywjohnston: Asic takes action against two former Tennis Australia directors\n\nCorporate regulator says Harold Mitchell and Stephen He\xe2\x80\xa6'
"b'Philippines\xe2\x80\x99 Alex Eala took the Phinma-PSC International Junior Tennis Championships title, defeating Canada\xe2\x80\x99s Dash\xe2\x80\xa6 https://t.co/hbXsOUNaEl'"
b'The stink of corruption and self serving greed. Former Tennis Australia pair face ASIC penalties | The New Daily https://t.co/pSBwcSwqvc'
"b'Alexander Zverev winning ATP Finals is a big moment for tennis, says Boris\xc2\xa0Becker https://t.co/Ai8JSUGBmD https://t.co/1zXXIuplrg'"
b'2018 Leaf Grand Slam Tennis - Live Break (19/11/2018) https://t.co/OC4AHhdEZU'
b'Kevin Anderson: Novak Djokovic is on you the whole\xc2\xa0time https://t.co/Aom8GtT3gy https://t.co/4XBJilK0Ek'
b'ASIC takes legal action against former Tennis Australia bosses Harold Mitchell and Stephen Healy - ABC News https://t.co/PAbRXoOZZl'
b'Former Tennis Australia pair face sanctions over TV deal: https://t.co/c0MLgiPT9A https://t.co/3QlYrmrYK7'
"b'New post (Alexander Zverev winning ATP Finals is a big moment for tennis, says Boris Becker) has been published on\xe2\x80\xa6 https://t.co/YjZudHH689'"
"b'It means so much to beat 2 tennis greats back to back, Zverev\xc2\xa0says https://t.co/ZmCuWJOHNk https://t.co/JtaH10HY4j'"
b'RT @abcgrandstand: Former Tennis Australia bosses Harold Mitchell and Stephen Healy are being investigated over TV rights deal. #Australian\xe2\x80\xa6'
b'Global Tennis Racquet Market Foraying into Emerging Economies 2017 to 2022 - https://t.co/CaZGe6lBfC https://t.co/tBBQGg4cIV'
"b'Alexander Zverev took confidence from Roger Federer win,says Novak\xc2\xa0Djokovic https://t.co/fJv0b41jfT https://t.co/gBR59rL17j'"
b'RT @jt_sports: Alexander Zverev upsets Novak Djokovic to win ATP Finals https://t.co/AoNNcRXigt'
b'New blog post highlighting my tennis and beach volleyball journey. Plus new website layout! https://t.co/FDCxoUAVYE https://t.co/0t9W2UNrra'
b'RT @abcgrandstand: Former Tennis Australia bosses Harold Mitchell and Stephen Healy are being investigated over TV rights deal. #Australian\xe2\x80\xa6'
b'Asic takes action against two former Tennis Australia directors https://t.co/O5T2tQ6Gv6'
b'RT @abcgrandstand: Former Tennis Australia bosses Harold Mitchell and Stephen Healy are being investigated over TV rights deal. #Australian\xe2\x80\xa6'
b'German hopeful Zverev lifts his maiden ATP Finals title\n#AlexanderZverev #NovakDjokovic #ATPFinals #German #ATP\xe2\x80\xa6 https://t.co/BptNHxgTeX'
"b'November 18, 2007: Roger Federer sinks David Ferrer to win Masters\xc2\xa0Cup https://t.co/Dtiw5Ki1gS https://t.co/iEx2lvy5T1'"
b'RT @troywjohnston: Asic takes action against two former Tennis Australia directors\n\nCorporate regulator says Harold Mitchell and Stephen He\xe2\x80\xa6'
b'RT @abcgrandstand: Former Tennis Australia bosses Harold Mitchell and Stephen Healy are being investigated over TV rights deal. #Australian\xe2\x80\xa6'
b'RT @troywjohnston: Asic takes action against two former Tennis Australia directors\n\nCorporate regulator says Harold Mitchell and Stephen He\xe2\x80\xa6'
b'RT @jt_sports: Alexander Zverev upsets Novak Djokovic to win ATP Finals https://t.co/AoNNcRXigt'
b'Former Tennis Australia pair face ASIC penalties | The New Daily https://t.co/lASbtNgW1g'
"b'#TENNIS ""Death of Young Thai Kickboxer Brings Focus on Dangers"" by THE ASSOCIATED PRESS via NYT https://t.co/R0mfOLmUEC'"
b'Zverev Defeats Djokovic for ATP Finals Title | Tennis Connected https://t.co/RinPnsde7n'
b'RT @abcgrandstand: Former Tennis Australia bosses Harold Mitchell and Stephen Healy are being investigated over TV rights deal. #Australian\xe2\x80\xa6'
b'RT @troywjohnston: Asic takes action against two former Tennis Australia directors\n\nCorporate regulator says Harold Mitchell and Stephen He\xe2\x80\xa6'
b'Zverev is the young gun tennis has been waiting for | The New Daily https://t.co/OM1JYJOEQG'
b'RT @abcgrandstand: Former Tennis Australia bosses Harold Mitchell and Stephen Healy are being investigated over TV rights deal. #Australian\xe2\x80\xa6'
b'Former Tennis Australia pair face ASIC penalties | The New Daily https://t.co/z5tiM5C020'
b'RT @troywjohnston: Asic takes action against two former Tennis Australia directors\n\nCorporate regulator says Harold Mitchell and Stephen He\xe2\x80\xa6'
b'Jack Mingjie Lin earns New York Open wild card after a\xc2\xa0thriller https://t.co/t3ncz93lnj https://t.co/9LbExFfOKe'
b'Asic takes action against two former Tennis Australia directors https://t.co/Poili9Pjx3'
b'Alexander Zverev beats Novak Djokovic to win ATP World Tour Finals title https://t.co/V68VpLtS3d via @indiatoday\xe2\x80\xa6 https://t.co/1U62oiVvZe'
b'RT @troywjohnston: Asic takes action against two former Tennis Australia directors\n\nCorporate regulator says Harold Mitchell and Stephen He\xe2\x80\xa6'
b'RT @abcgrandstand: Former Tennis Australia bosses Harold Mitchell and Stephen Healy are being investigated over TV rights deal. #Australian\xe2\x80\xa6'
b'RT @abcgrandstand: Former Tennis Australia bosses Harold Mitchell and Stephen Healy are being investigated over TV rights deal. #Australian\xe2\x80\xa6'
b'RT @ITGDsports: Alexander Zverev becomes the first German to win the ATP World Tour Finals title since Boris Becker in Frankfurt in 1995 ht\xe2\x80\xa6'
b'Good One!! OYO State APC Governorship Candidate \xe2\x80\x9cBayo Adelabu\xe2\x80\x9d Seen Playing Tennis With Some\xc2\xa0Youths\xe2\x80\xa6 https://t.co/sSxHpNsX5W'
"b""Winner of the Men's Singles title at the Rainoil Open Tennis Championship, Joseph Imeh (left) receiving his trophy\xe2\x80\xa6 https://t.co/Kp7Xecuj2X"""
b'Imeh upsets Atseye to win Rainoil Tennis\xc2\xa0Championship https://t.co/4ycmVzkPqE https://t.co/h3cIpuOrwj'
b'RT @jt_sports: Alexander Zverev upsets Novak Djokovic to win ATP Finals https://t.co/AoNNcRXigt'
"b'It means so much to beat 2 tennis greats back to back, Zverev says https://t.co/sDfUrlWkkk'"
"b'Table Tennis Market Outlook and Forecasts 2018 to 2025 and Key Players: DHS, Double Fish, Nittaku, STIGA, Xushaofa,\xe2\x80\xa6 https://t.co/t2TEgYnFp0'"
"b'It means so much to beat 2 tennis greats back to back, Zverev\xc2\xa0says https://t.co/Lvz8qffv86'"
b'RT @troywjohnston: Asic takes action against two former Tennis Australia directors\n\nCorporate regulator says Harold Mitchell and Stephen He\xe2\x80\xa6'
"b""RT @CristinaNcl: Comeback king Djokovic puts shock loss into perspective (Reuters)\n'Djokovic was uncharacteristically ragged against Zverev\xe2\x80\xa6"""
b'Prajnesh Gunneswaran: I am looking forward to finishing the season\xc2\xa0well https://t.co/HzV8yqDoxN https://t.co/FJMhLjPIeM'
b'RT @jt_sports: Alexander Zverev upsets Novak Djokovic to win ATP Finals https://t.co/AoNNcRXigt'
b'Alexander Zverev upsets Novak Djokovic to win ATP Finals https://t.co/RSZOkVNMEb #japan'
b'Alexander Zverev upsets Novak Djokovic to win ATP Finals https://t.co/AoNNcRXigt'
"b'Atanda Musa Approaching his 60s, former African and Commonwealth table tennis champion, Atanda Musa, has admitted t\xe2\x80\xa6 https://t.co/T4oG7X4mkc'"
b'RT @troywjohnston: Asic takes action against two former Tennis Australia directors\n\nCorporate regulator says Harold Mitchell and Stephen He\xe2\x80\xa6'
b'RT @troywjohnston: Asic takes action against two former Tennis Australia directors\n\nCorporate regulator says Harold Mitchell and Stephen He\xe2\x80\xa6'
b'Good One!! OYO State APC Governorship Candidate \xe2\x80\x9cBayo Adelabu\xe2\x80\x9d Seen Playing Tennis With Some\xc2\xa0Youths\xe2\x80\xa6 https://t.co/7muIY38WMm'
b'Mike Bryan: This could be my last time at Nitto ATP\xc2\xa0Finals https://t.co/cKCJ37jXMN https://t.co/NJvO7eQZ7A'
b'RT @ITGDsports: Alexander Zverev becomes the first German to win the ATP World Tour Finals title since Boris Becker in Frankfurt in 1995 ht\xe2\x80\xa6'
b'RT @abcgrandstand: Former Tennis Australia bosses Harold Mitchell and Stephen Healy are being investigated over TV rights deal. #Australian\xe2\x80\xa6'
b'RT @troywjohnston: Asic takes action against two former Tennis Australia directors\n\nCorporate regulator says Harold Mitchell and Stephen He\xe2\x80\xa6'
b'Asic takes action against two former Tennis Australia directors https://t.co/z07lSXR3gv'
b'RT @abcgrandstand: Former Tennis Australia bosses Harold Mitchell and Stephen Healy are being investigated over TV rights deal. #Australian\xe2\x80\xa6'
b'Asic takes action against two former Tennis Australia directors https://t.co/APgJsdGKuK'
b'Zverev is the young gun tennis has been waiting for: https://t.co/4BJYtTQM9g https://t.co/qI0aZcjW2d'
b'RT @abcgrandstand: Former Tennis Australia bosses Harold Mitchell and Stephen Healy are being investigated over TV rights deal. #Australian\xe2\x80\xa6'
b'RT @troywjohnston: Asic takes action against two former Tennis Australia directors\n\nCorporate regulator says Harold Mitchell and Stephen He\xe2\x80\xa6'
b'RT @ITGDsports: Alexander Zverev becomes the first German to win the ATP World Tour Finals title since Boris Becker in Frankfurt in 1995 ht\xe2\x80\xa6'
b'RT @ITGDsports: Alexander Zverev becomes the first German to win the ATP World Tour Finals title since Boris Becker in Frankfurt in 1995 ht\xe2\x80\xa6'
"b""RT @CristinaNcl: Comeback king Djokovic puts shock loss into perspective (Reuters)\n'Djokovic was uncharacteristically ragged against Zverev\xe2\x80\xa6"""
b'Alexander Zverev becomes the first German to win the ATP World Tour Finals title since Boris Becker in Frankfurt in\xe2\x80\xa6 https://t.co/L1J3GnnSkh'
b'RT @troywjohnston: Asic takes action against two former Tennis Australia directors\n\nCorporate regulator says Harold Mitchell and Stephen He\xe2\x80\xa6'
b'ASIC takes action against two former Tennis Australia directors\n\nhttps://t.co/ZoGkDwywqm'
b'RT @abcgrandstand: Former Tennis Australia bosses Harold Mitchell and Stephen Healy are being investigated over TV rights deal. #Australian\xe2\x80\xa6'
b'Good One!! OYO State APC Governorship Candidate \xe2\x80\x9cBayo Adelabu\xe2\x80\x9d Seen Playing Tennis With\xe2\x80\xa6 https://t.co/2AKPHRUEw2'
b'RT @abcgrandstand: Former Tennis Australia bosses Harold Mitchell and Stephen Healy are being investigated over TV rights deal. #Australian\xe2\x80\xa6'
b'RT @abcgrandstand: Former Tennis Australia bosses Harold Mitchell and Stephen Healy are being investigated over TV rights deal. #Australian\xe2\x80\xa6'
b'RT @abcgrandstand: Former Tennis Australia bosses Harold Mitchell and Stephen Healy are being investigated over TV rights deal. #Australian\xe2\x80\xa6'
b'Former Tennis Australia bosses Harold Mitchell and Stephen Healy are being investigated over TV rights deal.\xe2\x80\xa6 https://t.co/pFiRrNG0We'
b'@DeniseBrailey ASIC going hard on protecting the rights of billionaire media moguls. FFS No enforced undertaking\xf0\x9f\xa4\xb7\xe2\x80\x8d\xe2\x99\x82\xef\xb8\x8fhttps://t.co/4I0Sv6EmlC'
"b'Roger Federer: In Shanghai, I had some extremely sore\xc2\xa0muscles https://t.co/SNlgDfr1Qg https://t.co/YwxaNlaYl1'"
b'Asic takes action against two former Tennis Australia directors\n\nCorporate regulator says Harold Mitchell and Steph\xe2\x80\xa6 https://t.co/dg6xqodfP6'
"b""Comeback king Djokovic puts shock loss into perspective (Reuters)\n'Djokovic was uncharacteristically ragged against\xe2\x80\xa6 https://t.co/vwDdzpB9Vl"""
b'Asic takes action against two former Tennis Australia directors https://t.co/PKEa0BuUoL'
b'RT @brucerossbrc: ASIC takes legal action against former Tennis Australia bosses Harold Mitchell and Stephen Healy\n\nIs this how the game of\xe2\x80\xa6'
b'Alexander Zverev explains how Ivan Lendl helped him to beat Novak\xc2\xa0Djokovic https://t.co/Y2OlQKe6sT https://t.co/kG3IiJowaZ'
b'RT @brucerossbrc: ASIC takes legal action against former Tennis Australia bosses Harold Mitchell and Stephen Healy\n\nIs this how the game of\xe2\x80\xa6'
b'RT @FINANCEPartners: Former Tennis Australia bosses investigated over TV rights deal: Civil penalty proceedings are opened by ASIC against\xe2\x80\xa6'
b'ASIC takes legal action against former Tennis Australia bosses Harold Mitchell and Stephen Healy\n\nIs this how the g\xe2\x80\xa6 https://t.co/JkSsg9FlAO'
"b'RT @SBSSport: Twenty four hours after being booed for having the audacity to take down a tennis great, Alexander Zverev returned to topple\xe2\x80\xa6'"
b'Classy Nicolas Mahut recognizes greatness of Mike\xc2\xa0Bryan https://t.co/4wTVQvMjG7 https://t.co/Vmea6s0k1W'
"b'RT @SBSSport: Twenty four hours after being booed for having the audacity to take down a tennis great, Alexander Zverev returned to topple\xe2\x80\xa6'"
"b'RT @SBSSport: Twenty four hours after being booed for having the audacity to take down a tennis great, Alexander Zverev returned to topple\xe2\x80\xa6'"
"b'RT @SBSSport: Twenty four hours after being booed for having the audacity to take down a tennis great, Alexander Zverev returned to topple\xe2\x80\xa6'"
b'New York Open College Wild Card Invitational reaches the closing\xc2\xa0stage https://t.co/hEbBjAQHyG https://t.co/lyBvb5FTza'
b'Former Tennis Australia bosses investigated over TV rights deal: Civil penalty proceedings are opened by ASIC again\xe2\x80\xa6 https://t.co/06aCcU7BFL'
b'RT @abcnews: ASIC takes legal action against former Tennis Australia bosses Harold Mitchell and Stephen Healy https://t.co/QgXdYwXrWL'
b'Former #TennisAustralia bosses investigated over TV rights deal\n#NFP #NonProfit #ForPurpose #SportsGov #CorpGov\xe2\x80\xa6 https://t.co/jO3orQot7j'
b'ASIC takes legal action against former Tennis Australia bosses Harold Mitchell and Stephen Healy - ABC News (Austra\xe2\x80\xa6 https://t.co/2V0iT4IIGI'
b'ATP Finals \xe2\x80\x93 Sunday Schedule: Novak Djokovic vs Zverev for the\xc2\xa0history https://t.co/2EaYXr2w5t https://t.co/ZWkFBTC4kh'
b'RT @abcnews: ASIC takes legal action against former Tennis Australia bosses Harold Mitchell and Stephen Healy https://t.co/QgXdYwXrWL'
"b""Certainly no dull moments for Sports Governing bodies in AUS at the moment.\n\nWhy it's so important to screen Direct\xe2\x80\xa6 https://t.co/8LALfqeznq"""
b'ASIC takes legal action against former Tennis Australia bosses Harold Mitchell and Stephen Healy https://t.co/0AElBFNWGE via @abcnews'
b'ASIC takes legal action against former Tennis Australia bosses Harold Mitchell and Stephen Healy https://t.co/QgXdYwXrWL'
b'Zverev beats Djokovic in 2 sets to win ATP Finals title https://t.co/x10UhxgOCJ https://t.co/vFENbJ0bj6'
b'Karen Khachanov looks forward to 2019 as he targets greater\xc2\xa0success https://t.co/hBKKW1BUrL https://t.co/nGj8KEYPTX'
b'Former Tennis Australia bosses investigated over TV rights deal https://t.co/BfqiD27ren https://t.co/VxlMqK9O1p'
b'Former Tennis Australia bosses investigated over TV rights deal https://t.co/4qyj9rJEoS'
"b'RT @SBSSport: Twenty four hours after being booed for having the audacity to take down a tennis great, Alexander Zverev returned to topple\xe2\x80\xa6'"
"b'RT @SBSSport: Twenty four hours after being booed for having the audacity to take down a tennis great, Alexander Zverev returned to topple\xe2\x80\xa6'"
"b'Twenty four hours after being booed for having the audacity to take down a tennis great, Alexander Zverev returned\xe2\x80\xa6 https://t.co/58lbbdB0g7'"
b'Comeback king Djokovic puts shock loss into perspective\nhttps://t.co/ZbCKKT7j5a https://t.co/KK4ZCAPEpN'
"b""Zverev so proud after 'astonishing' finale in London https://t.co/TahhrT89fA https://t.co/S6EYz2dtpw"""
"b""Zverev so proud after 'astonishing' finale in London\nhttps://t.co/YCcuKUSAEy https://t.co/oPopVHGo8p"""
b'Zverev stuns Djokovic to claim ATP Finals title https://t.co/LeNv4uY4m9 https://t.co/wOBwJ1D4vR'
b'Zverev stuns Djokovic to claim ATP Finals title\nhttps://t.co/hxP1hZuebw https://t.co/7aaEODKWQ5'
b'Bryan and Sock claim ATP Finals doubles title https://t.co/z9XNDnOqZl https://t.co/6KXbk2eJfK'
b'Bryan and Sock claim ATP Finals doubles title\nhttps://t.co/clgg1mq2v0 https://t.co/wNFDwZXndC'
"b""RT @BryantMTennis: Congrats to Matt Kuhar on becoming the highest-ranked tennis player in program history. \n\nHe's No. 81 in this week's Ora\xe2\x80\xa6"""
"b""RT @BryantMTennis: Congrats to Matt Kuhar on becoming the highest-ranked tennis player in program history. \n\nHe's No. 81 in this week's Ora\xe2\x80\xa6"""
b'Don\xe2\x80\x99t forget to Register your Venue for 2019! British Tennis Venue Registration for 2018-19 opened on 1 October and\xe2\x80\xa6 https://t.co/LvDXZRDt9y'
"b""RT @BryantMTennis: Congrats to Matt Kuhar on becoming the highest-ranked tennis player in program history. \n\nHe's No. 81 in this week's Ora\xe2\x80\xa6"""
b'RT @APS_Sport: AGSV/APS Tennis 2018/19 Results R2:\nCAUL 15/141 D CY 1/72\nHY 10/127 D PEGS 6/82\nGC 14/135 D GGS 2/72\nWC 15/137 D PEN 1/43'
b'#APS Table Tennis 2018/19 Results R2:\nWC 13 D CAUL 2\nHY 14 D SKC 1\nSC 12 D GGS 3\nCY 9 D XC 6\n\n#apssport\xe2\x80\xa6 https://t.co/SiboHfCBBk'
b'AGSV/APS Tennis 2018/19 Results R2:\nCAUL 15/141 D CY 1/72\nHY 10/127 D PEGS 6/82\nGC 14/135 D GGS 2/72\nWC 15/137 D PEN 1/43'
b'RT @valpoathletics: .@ValpoWT Inks Two to National Letters of Intent: https://t.co/PdaEKo80u3\n\n#GoValpo \n#MVCTennis https://t.co/R8KnSSINbL'
b'Cal Poly Men\xe2\x80\x99s Tennis Signs Four-Star Recruit Ben Keyser to NLI https://t.co/FBFj87bfvv'
"b""We'd like to welcome the newest addition to the Cal Poly Men's Tennis family, Ben Keyser! #RideHigh\n\nhttps://t.co/fe4j5jnMji"""
"b""RT @BryantMTennis: Congrats to Matt Kuhar on becoming the highest-ranked tennis player in program history. \n\nHe's No. 81 in this week's Ora\xe2\x80\xa6"""
b'RT @valpoathletics: .@ValpoWT Inks Two to National Letters of Intent: https://t.co/PdaEKo80u3\n\n#GoValpo \n#MVCTennis https://t.co/R8KnSSINbL'
b'.@ValpoWT Inks Two to National Letters of Intent: https://t.co/PdaEKo80u3\n\n#GoValpo \n#MVCTennis https://t.co/R8KnSSINbL'
"b""RT @FurmanPaladins: .@FurmanMTennis' Ivan Mitric Ranked 76th Nationally https://t.co/96moz0qJ0h https://t.co/fvTWaZ7MKE"""
"b""RT @FurmanPaladins: .@FurmanMTennis' Ivan Mitric Ranked 76th Nationally https://t.co/96moz0qJ0h https://t.co/fvTWaZ7MKE"""
"b"".@FurmanMTennis' Ivan Mitric Ranked 76th Nationally https://t.co/96moz0qJ0h https://t.co/fvTWaZ7MKE"""
"b'""To be able to build our program moving forward around two highly skilled players from here in the United States is\xe2\x80\xa6 https://t.co/YmdkXzvvmn'"
b'#Tennis ATP 500  Washington 2018  A. #Zverev ( GER )  Vs  K. #Nishikori  ( JPN ) #Staseraintv 19:55 SuperTennis Canale 64 #sport'
"b""RT @BryantMTennis: Congrats to Matt Kuhar on becoming the highest-ranked tennis player in program history. \n\nHe's No. 81 in this week's Ora\xe2\x80\xa6"""
"b""RT @BryantMTennis: Congrats to Matt Kuhar on becoming the highest-ranked tennis player in program history. \n\nHe's No. 81 in this week's Ora\xe2\x80\xa6"""
"b'RT @JavelinaTennis: Carvajal, Donkor and Philavong all check in on the first @ITA_Tennis South Central Regional Rankings!\n\nRead more: https\xe2\x80\xa6'"
"b""RT @Dave_Ellison72: Furman's Katarina Kozarov Ranked 30th Nationally https://t.co/PEORw9OtKE"""
"b""RT @VCUTennis: VCU Men's Tennis hires R.J. Nagel as new assistant coach for 2018-19 season.\nRead all about it \xe2\xa4\xb5\xef\xb8\x8f\n\xf0\x9f\x93\xb0: https://t.co/dYuwTmmD6Q\xe2\x80\xa6"""
"b""RT @JeffersonRams: Usha Baublitz of Jefferson Women's Tennis Featured in CACC Fall Series \xe2\x80\x98Where I Grew Up\xe2\x80\x99\n\n\xf0\x9f\x94\x97 https://t.co/HsQaVQKFwR http\xe2\x80\xa6"""
"b""RT @BryantMTennis: Congrats to Matt Kuhar on becoming the highest-ranked tennis player in program history. \n\nHe's No. 81 in this week's Ora\xe2\x80\xa6"""
"b""RT @BryantMTennis: Congrats to Matt Kuhar on becoming the highest-ranked tennis player in program history. \n\nHe's No. 81 in this week's Ora\xe2\x80\xa6"""
"b""Furman's Katarina Kozarov Ranked 30th Nationally https://t.co/PEORw9OtKE"""
"b'RT @JavelinaTennis: Carvajal, Donkor and Philavong all check in on the first @ITA_Tennis South Central Regional Rankings!\n\nRead more: https\xe2\x80\xa6'"
"b'Carvajal, Donkor and Philavong all check in on the first @ITA_Tennis South Central Regional Rankings!\n\nRead more:\xe2\x80\xa6 https://t.co/rABWPLrJaA'"
"b""RT @VCUTennis: VCU Men's Tennis hires R.J. Nagel as new assistant coach for 2018-19 season.\nRead all about it \xe2\xa4\xb5\xef\xb8\x8f\n\xf0\x9f\x93\xb0: https://t.co/dYuwTmmD6Q\xe2\x80\xa6"""
"b""VCU Men's Tennis hires R.J. Nagel as new assistant coach for 2018-19 season.\nRead all about it \xe2\xa4\xb5\xef\xb8\x8f\n\xf0\x9f\x93\xb0:\xe2\x80\xa6 https://t.co/dcCfoh8c9d"""
"b""RT @BryantMTennis: Congrats to Matt Kuhar on becoming the highest-ranked tennis player in program history. \n\nHe's No. 81 in this week's Ora\xe2\x80\xa6"""
"b""RT @BryantMTennis: Congrats to Matt Kuhar on becoming the highest-ranked tennis player in program history. \n\nHe's No. 81 in this week's Ora\xe2\x80\xa6"""
"b""RT @BryantMTennis: Congrats to Matt Kuhar on becoming the highest-ranked tennis player in program history. \n\nHe's No. 81 in this week's Ora\xe2\x80\xa6"""
"b""RT @BryantMTennis: Congrats to Matt Kuhar on becoming the highest-ranked tennis player in program history. \n\nHe's No. 81 in this week's Ora\xe2\x80\xa6"""
"b""Congrats to Matt Kuhar on becoming the highest-ranked tennis player in program history. \n\nHe's No. 81 in this week'\xe2\x80\xa6 https://t.co/cJKw97N7MN"""
b'AE Perkins Play-by-Play college football 2018: Washington State vs Colorado.\nCONTACT for play-by-play assignments 2\xe2\x80\xa6 https://t.co/8J3WbwXoMx'
b'ITA\xe2\x80\x99s First Regional Rankings Features Four From Women\xe2\x80\x99s Tennis\nhttps://t.co/LkZxU6OAG1 https://t.co/N71JRH3RyP'
"b""Fenoaltea Sits Atop East Region In ITA Men's Tennis Rankings; Five Clippers Regionally Ranked\xe2\x80\xa6 https://t.co/YQ4deXFffn"""
b'#AUG_Tennis Senior Patrick Oliveira Regionally Ranked No. 9 In NCAA! https://t.co/YSoxacZvvr https://t.co/CblMzPQdfy'
"b""RT @FurmanPaladins: .@FurmanWTennis' Katarina Kozarov Ranked 30th Nationally https://t.co/LYiiX59Jac https://t.co/fTS7Yf26kq"""
"b"".@FurmanWTennis' Katarina Kozarov Ranked 30th Nationally https://t.co/LYiiX59Jac https://t.co/fTS7Yf26kq"""
"b""Usha Baublitz of Jefferson Women's Tennis Featured in CACC Fall Series \xe2\x80\x98Where I Grew Up\xe2\x80\x99\n\n\xf0\x9f\x94\x97 https://t.co/HsQaVQKFwR https://t.co/3urtq0MwBO"""
"b'***UH CUP 2018/19*** The United Hospitals Cup is returning for the 2018/19 season, with Round 1 being held at Lee V\xe2\x80\xa6 https://t.co/x4649VZW3p'"
"b'RT @GamecockMTennis: ""Connor and Phillip are great additions to our program... (we are) counting down the days to get these guys on campus\xe2\x80\xa6'"
b'WINTER LEAGUE 2018/19 RESCHEDULING OF UPCOMING NOV 18 FIXTURES:\n\nSee the photos here to show the changes to the 201\xe2\x80\xa6 https://t.co/tcfsYnE51y'
"b""RT @ArchCarrollHS: \xf0\x9f\x8e\xbe Congratulations to three Carroll student-athletes who have been named to the 2018 Philadelphia Catholic League Girls'\xe2\x80\xa6"""
b'WINTER LEAGUE 2018/19 RESCHEDULING OF UPCOMING NOV 18 FIXTURES:\n\nSee the photos here to show the changes to the 201\xe2\x80\xa6 https://t.co/9rlvE5js3K'
b'RT @Army_TTA: GET INVOLVED WITH BRITISH ARMY TABLE TENNIS:\n\nWhy not get involved; see the latest report @ https://t.co/qi7464PERp for the r\xe2\x80\xa6'
"b'WINTER LEAGUE 2018/19 WEEK 5 RESULTS &amp; UPCOMING FIXTURES:\n\nFor more info, results &amp; upcoming fixtures of the Winter\xe2\x80\xa6 https://t.co/yMnFQlWJx6'"
"b'FLASHBACK; WINTER LEAGUE 2018/19 WEEK 4 RESULTS &amp; UPCOMING FIXTURES:\n\nFor more info, results &amp; upcoming fixtures of\xe2\x80\xa6 https://t.co/ytd4nbjzPm'"
"b'FLASHBACK; WINTER LEAGUE 2018/19 WEEK 3 RESULTS &amp; UPCOMING FIXTURES:\n\nFor more info, results &amp; upcoming fixtures of\xe2\x80\xa6 https://t.co/bBwgnuBdWO'"
"b'FLASHBACK; WINTER LEAGUE 2018/19 WEEK 2 RESULTS &amp; UPCOMING FIXTURES:\n\nFor more info, results &amp; upcoming fixtures of\xe2\x80\xa6 https://t.co/GwiBL3UyX4'"
"b'FLASHBACK; WINTER LEAGUE 2018/19 WEEK 1 RESULTS &amp; UPCOMING FIXTURES:\n\nFor more info, results &amp; upcoming fixtures of\xe2\x80\xa6 https://t.co/5nRG5KEdzX'"
"b'@laurarobson5 \nlove u alot, huge fan of you. wanna c ur glamourous new hot 2018/19 beauty photo shoots photography portraits besides tennis.'"
b'(Sports Tips 2018-11-14 20:20) tennis  ATP Challenger  2018-11-15 01:00:00  Ivana Jorovic \xe2\x80\x93 Tereza Martincova \xe2\x80\x93 Win\xe2\x80\xa6 https://t.co/LffPAplxL5'
"b""RT @OWUSport: Women's Basketball: 2018-19 Season Preview https://t.co/nuy6UfG3BP"""
"b""RT @OWUSport: Men's Basketball: 2018-19 Season Preview https://t.co/D4c19Bfcug"""
"b'""Connor and Phillip are great additions to our program... (we are) counting down the days to get these guys on camp\xe2\x80\xa6 https://t.co/09ouzKHRkA'"
b'RT @FurmanPaladins: .@FurmanWTennis Adds Two Players For 2019 https://t.co/k0Q73imq6I https://t.co/x2dIrFvlUE'
"b""Men's Tennis' Danny Norman: Where Are They Now? https://t.co/Xn7HeYP5jJ https://t.co/bWO30SNqFO"""
b'.@FurmanWTennis Adds Two Players For 2019 https://t.co/k0Q73imq6I https://t.co/x2dIrFvlUE'
"b'RT @kyeiwest: #Thedivasleague18 \nDecember 22nd,2018\nDzorwulu Astros Park\n11am sharpppppp\nTable tennis \xf0\x9f\x8f\x93 \\Female Soccer \\fifa 18/19 /sackrac\xe2\x80\xa6'"
b'RT @GCBobcats: GC Tennis Hires New Graduate Assistant Coach\n\nhttps://t.co/2Ng4F5pFW2 https://t.co/OuDRceXCIk'
"b""Speaking of defending Skyline Conference champions, the men's tennis team will host Albertus Magnus College, in the\xe2\x80\xa6 https://t.co/8h1QdL1GQ1"""
"b'RT @MarianUniv: A big congratulations and thank you to our 2018 Global Citizen Award winners!\n- Dr. Wendy Westphal, assistant professor of\xe2\x80\xa6'"
"b'RT @LaverCup: How do you \xe2\x80\x9chonor the past, celebrate the current and bring together the future stars\xe2\x80\x9d of tennis in just three days? #LaverCu\xe2\x80\xa6'"
b'So finally Ismaila Akindiya (world ranking 464/UK ratings 19) finally represent for team St Catherine - Luton Table\xe2\x80\xa6 https://t.co/wlmQGaLUw0'
b'So finally Ismaila Akindiya (world ranking 464/UK ratings 19) finally represent for team St Catherine - Luton Table\xe2\x80\xa6 https://t.co/9GyDHp6IUo'
"b'RT @MarianUniv: A big congratulations and thank you to our 2018 Global Citizen Award winners!\n- Dr. Wendy Westphal, assistant professor of\xe2\x80\xa6'"
"b'RT @MarianUniv: A big congratulations and thank you to our 2018 Global Citizen Award winners!\n- Dr. Wendy Westphal, assistant professor of\xe2\x80\xa6'"
"b'A big congratulations and thank you to our 2018 Global Citizen Award winners!\n- Dr. Wendy Westphal, assistant profe\xe2\x80\xa6 https://t.co/SJCiW1v2A1'"
b'2018-19 Webber tennis fall review https://t.co/y5quMBxWSU'
b'RT @ECCCAthletics: ECCC Tennis Hosts Successful Woods &amp; Whites Fundraiser https://t.co/svmMH7alsj'
b'RT @ECCCAthletics: ECCC Tennis Hosts Successful Woods &amp; Whites Fundraiser https://t.co/svmMH7alsj'
b'RT @ECCCAthletics: ECCC Tennis Hosts Successful Woods &amp; Whites Fundraiser https://t.co/svmMH7alsj'
b'ECCC Tennis Hosts Successful Woods &amp; Whites Fundraiser https://t.co/svmMH7alsj'
b'RT @SportNINet: AED awareness sessions this week: \nLagan Valley LeisurePlex 16/11/18 19:00 \xe2\x80\x93 21:00 https://t.co/1Hi5xaNhJw\nCookstown Leisur\xe2\x80\xa6'
b'Amazon Deal of the Day - JOOLA 4-Player Indoor Table Tennis Hit Set for ONLY $15.99 Shipped (Was $19.99)!!!\n https://t.co/Iwq6h6yjgD'
"b'He\xe2\x80\x99s 19. She\xe2\x80\x99s 48 and Married. When They Play Doubles Tennis, It\xe2\x80\x99s a\xc2\xa0Match. https://t.co/vhncI33P4b'"
b'RT @RollinsSports: Tars Team Up with Buddy Up Tennis https://t.co/OFTMymf7XZ'
b'Tars Team Up with Buddy Up Tennis https://t.co/pcTPVceNm1'
b'RT @pennstateMTEN: \xf0\x9f\x91\x80\xe2\xac\x85\xef\xb8\x8f at our stats from this weekend at Nationals! \n\n\xf0\x9f\x94\x97 https://t.co/Zhkr6AMBQv \n\n#WeAre \xf0\x9f\xa6\x81\xf0\x9f\x8e\xbe https://t.co/N5rcePFeEO'
b'\xf0\x9f\x91\x80\xe2\xac\x85\xef\xb8\x8f at our stats from this weekend at Nationals! \n\n\xf0\x9f\x94\x97 https://t.co/Zhkr6AMBQv \n\n#WeAre \xf0\x9f\xa6\x81\xf0\x9f\x8e\xbe https://t.co/N5rcePFeEO'
b'Two more dubs to end the Fall season \xf0\x9f\x90\x98\xf0\x9f\x8e\xbe\nhttps://t.co/GROVlN7M9t'
b'Tigers wrap up wildfire shortened Northridge Fall Invitational.\n\nhttps://t.co/OkzgqPkDGE'
b'RT @FurmanPaladins: .@FurmanWTennis Concludes Fall Season At Seminole All-Conference Showdown https://t.co/WCthXXxttz https://t.co/zX0wuAal\xe2\x80\xa6'
b'.@FurmanWTennis Concludes Fall Season At Seminole All-Conference Showdown https://t.co/WCthXXxttz https://t.co/zX0wuAalCl'
"b'Last week on the #LuckyLetcord \xf0\x9f\x8e\x99\xef\xb8\x8fPodcast we pondered the ""Nishikori fairy tale"" \n\nGo to 19:40 to hear @TheFanChild\xe2\x80\xa6 https://t.co/3Om0ortTGH'"
b'WTEN: Three Gauchos Reach Singles Quarterfinals at Matador Classic https://t.co/GAifW76mSa'
"b'RT @abcgrandstand: Rod Laver has lavished praise on Alex De Minaur, labeling the 19-year-old as a gift to Australian #tennis https://t.co/f\xe2\x80\xa6'"
"b'RT @abcgrandstand: Rod Laver has lavished praise on Alex De Minaur, labeling the 19-year-old as a gift to Australian #tennis https://t.co/f\xe2\x80\xa6'"
"b""RT @Mount_MWTennis: Mount St. Mary's Men's Tennis Finishes Up Day Two Of Navy Gold Invite \n\nRECAP:\nhttps://t.co/FzfZ95b6VH https://t.co/UwC\xe2\x80\xa6"""
"b""Mount St. Mary's Men's Tennis Finishes Up Day Two Of Navy Gold Invite \n\nRECAP:\nhttps://t.co/FzfZ95b6VH https://t.co/UwCvBSxBvI"""
"b'RT @abcgrandstand: Rod Laver has lavished praise on Alex De Minaur, labeling the 19-year-old as a gift to Australian #tennis https://t.co/f\xe2\x80\xa6'"
"b'RT @abcgrandstand: Rod Laver has lavished praise on Alex De Minaur, labeling the 19-year-old as a gift to Australian #tennis https://t.co/f\xe2\x80\xa6'"
"b'RT @abcgrandstand: Rod Laver has lavished praise on Alex De Minaur, labeling the 19-year-old as a gift to Australian #tennis https://t.co/f\xe2\x80\xa6'"
"b'RT @abcgrandstand: Rod Laver has lavished praise on Alex De Minaur, labeling the 19-year-old as a gift to Australian #tennis https://t.co/f\xe2\x80\xa6'"
"b'RT @abcgrandstand: Rod Laver has lavished praise on Alex De Minaur, labeling the 19-year-old as a gift to Australian #tennis https://t.co/f\xe2\x80\xa6'"
"b'RT @abcgrandstand: Rod Laver has lavished praise on Alex De Minaur, labeling the 19-year-old as a gift to Australian #tennis https://t.co/f\xe2\x80\xa6'"
"b'RT @abcgrandstand: Rod Laver has lavished praise on Alex De Minaur, labeling the 19-year-old as a gift to Australian #tennis https://t.co/f\xe2\x80\xa6'"
"b'RT @abcgrandstand: Rod Laver has lavished praise on Alex De Minaur, labeling the 19-year-old as a gift to Australian #tennis https://t.co/f\xe2\x80\xa6'"
"b'RT @abcgrandstand: Rod Laver has lavished praise on Alex De Minaur, labeling the 19-year-old as a gift to Australian #tennis https://t.co/f\xe2\x80\xa6'"
"b'Rod Laver has lavished praise on Alex De Minaur, labeling the 19-year-old as a gift to Australian #tennis\xe2\x80\xa6 https://t.co/i352XImZ57'"
"b'Outdoors Double Tennis on Gravel with Warm Up: Price: $0.99 (as of Nov 10,2018 21:19:42 UTC\xe2\x80\xa6 https://t.co/PKH8D5oGaB'"
"b'RT @nextgenfinals: One thing is certain, and that is that the 19-year-old is already one of the fastest players on the @ATPWorldTour! \nRead\xe2\x80\xa6'"
b'RT @GoGadesGo: Excited to welcome Noel Dalton and Austin Lee back to campus to lead the Men\xe2\x80\x99s and Women\xe2\x80\x99s tennis programs.\n\n\xf0\x9f\x94\x97:  https://t.c\xe2\x80\xa6'
"b'Outdoors Double Tennis on Gravel with Warm Up: Price: $0.99 (as of Nov 10,2018 21:19:42 UTC\xe2\x80\xa6 https://t.co/Diw2DXsKtn'"
b'RT @APS_Sport: AGSV/APS Tennis 2018/19 Results R1:\nHY 14/135 D PEN 2/49\nGC 9/110 D PEGS 7/100\nWC 11/132 D CY 5/72\nCAUL 11/126 D GGS 5/82'
b'#Repost https://t.co/wSCQZ97hpE \n\xe3\x83\xbb\xe3\x83\xbb\xe3\x83\xbb\n19 more days!!\n. .\n\n@franz_ferdinand Jakarta 2018 .\n\nhttps://t.co/Jc78Y7eGUY\xe2\x80\xa6 https://t.co/d0MDPK9Qqs'
"b'RT @nextgenfinals: One thing is certain, and that is that the 19-year-old is already one of the fastest players on the @ATPWorldTour! \nRead\xe2\x80\xa6'"
"b'RT @nextgenfinals: One thing is certain, and that is that the 19-year-old is already one of the fastest players on the @ATPWorldTour! \nRead\xe2\x80\xa6'"
"b'One thing is certain, and that is that the 19-year-old is already one of the fastest players on the @ATPWorldTour!\xe2\x80\xa6 https://t.co/hpmB028rbI'"
b'ICYMI | The Tigers put together a great day at the Northridge Fall Invite on Friday. Play continues today.\n\nhttps://t.co/7T5tOli0ar'
b'Don\xe2\x80\x99t forget to Register your Venue for 2019! British Tennis Venue Registration for 2018-19 opened on 1 October and\xe2\x80\xa6 https://t.co/0U87DGDpRB'
b'RT @storytime_24: Just heard Lone peak is the 6A 2018 state champions in...\n\nM Basketball \nVolleyball\nM golf \nW golf \nW soccer\nM tennis\nW t\xe2\x80\xa6'
b'#APS Tennis 2018/19 Results R1:\nSC 14/139 D XC 2/68\nCAUL 13/137 D GC 3/61\nWC 10/124 D CY 6/98\nSKC 10/130 D MGS 6/96\xe2\x80\xa6 https://t.co/C6vrmpAKer'
b'RT @APS_Sport: #APS Table Tennis 2018/19 Results R1:\nHY 9 D WC 6\nCAUL 8 D CY 7\nGGS 13 D XC 2\nSC 12 D MGS 3\n\n#apssport #apstabletennis #apss\xe2\x80\xa6'
b'#APS Table Tennis 2018/19 Results R1:\nHY 9 D WC 6\nCAUL 8 D CY 7\nGGS 13 D XC 2\nSC 12 D MGS 3\n\n#apssport\xe2\x80\xa6 https://t.co/sxpIgtTG8Y'
b'AGSV/APS Tennis 2018/19 Results R1:\nHY 14/135 D PEN 2/49\nGC 9/110 D PEGS 7/100\nWC 11/132 D CY 5/72\nCAUL 11/126 D GGS 5/82'
b'Petra Such was on \xf0\x9f\x94\xa5 this Friday. The Titans with 4 wins on day one \xf0\x9f\x8e\xbe\xf0\x9f\x90\x98\nhttps://t.co/aI2DI43Vgn'
"b""RT @Mount_MWTennis: Mount St. Mary's Men's Tennis Wraps Up Day One Of Navy Gold Invite \n\nRECAP:\nhttps://t.co/Umepb2ECQ4 https://t.co/Djg0qc\xe2\x80\xa6"""
"b""Mount St. Mary's Men's Tennis Wraps Up Day One Of Navy Gold Invite \n\nRECAP:\nhttps://t.co/Umepb2ECQ4 https://t.co/Djg0qc0PS5"""
"b'RT @LaverCup: How do you \xe2\x80\x9chonor the past, celebrate the current and bring together the future stars\xe2\x80\x9d of tennis in just three days? #LaverCu\xe2\x80\xa6'"
b'RT @tmusaints: Shawn Barone Named Thomas More Head Tennis Coach https://t.co/M9bYrmvGD7'
"b""The draw is set in Prague for this weekend's @FedCup final. \n\n1. No Kvitova on Saturday? \n2. 19-year-old Kenin set\xe2\x80\xa6 https://t.co/MsqYJ6BSjP"""
"b'Sideline moments. Taken on October 19, at the Special Olympics North America Tennis Championships in South Carolina\xe2\x80\xa6 https://t.co/7kA3cptiQS'"
b'RT @AnHsATHLETICS: Looking for a Varsity Head Coach - Head Boys Tennis @ Antelope High School (2018-19) Job at Roseville Joint Union High S\xe2\x80\xa6'
b'Devon Schools Table Tennis Championships\n\nEggbuckland U19 Boys are on the road towards the National Table Tennis Fi\xe2\x80\xa6 https://t.co/5fUdixjDYS'
b'RT @tmusaints: Shawn Barone Named Thomas More Head Tennis Coach https://t.co/M9bYrmvGD7'
"b'New post!\nWimbledon makes a few ""enhancements for \'19\n - https://t.co/16UC6PYmoK https://t.co/DPJSVJ1o2j'"
"b""RT @EmersonLions: In case you missed it, both @ECBaseballLions and men's/women/s tennis inked a new deal last week to call the fields at St\xe2\x80\xa6"""
